{"v":"5.1.8","fr":30,"ip":0,"op":120,"w":315,"h":315,"nm":"雪花","ddd":0,"assets":[{"id":"image_0","w":400,"h":578,"u":"images/","p":"img_0.png"},{"id":"image_1","w":315,"h":320,"u":"images/","p":"img_1.png"}],"layers":[{"ddd":0,"ind":3,"ty":4,"nm":"形状图层 2","td":1,"sr":1,"ks":{"o":{"a":0,"k":100,"ix":11},"r":{"a":0,"k":0,"ix":10},"p":{"a":0,"k":[157,157,0],"ix":2},"a":{"a":0,"k":[-1,-1,0],"ix":1},"s":{"a":0,"k":[100,100,100],"ix":6}},"ao":0,"shapes":[{"ty":"gr","it":[{"d":1,"ty":"el","s":{"a":0,"k":[315,315],"ix":2},"p":{"a":0,"k":[0,0],"ix":3},"nm":"椭圆路径 1","mn":"ADBE Vector Shape - Ellipse","hd":false},{"ty":"fl","c":{"a":0,"k":[0.825860954733,0.756862984452,1,1],"ix":4},"o":{"a":0,"k":100,"ix":5},"r":1,"nm":"填充 1","mn":"ADBE Vector Graphic - Fill","hd":false},{"ty":"tr","p":{"a":0,"k":[-1,-1],"ix":2},"a":{"a":0,"k":[0,0],"ix":1},"s":{"a":0,"k":[100,100],"ix":3},"r":{"a":0,"k":0,"ix":6},"o":{"a":0,"k":100,"ix":7},"sk":{"a":0,"k":0,"ix":4},"sa":{"a":0,"k":0,"ix":5},"nm":"变换"}],"nm":"椭圆 1","np":3,"cix":2,"ix":1,"mn":"ADBE Vector Group","hd":false}],"ip":0,"op":72,"st":-65,"bm":0},{"ddd":0,"ind":4,"ty":2,"nm":"雪花-拷贝-4.png","cl":"png","tt":1,"refId":"image_0","sr":1,"ks":{"o":{"a":1,"k":[{"i":{"x":[0.833],"y":[0.833]},"o":{"x":[0.167],"y":[0.167]},"n":["0p833_0p833_0p167_0p167"],"t":-65,"s":[0],"e":[100]},{"i":{"x":[0.833],"y":[0.833]},"o":{"x":[0.167],"y":[0.167]},"n":["0p833_0p833_0p167_0p167"],"t":-45,"s":[100],"e":[100]},{"i":{"x":[0.833],"y":[0.833]},"o":{"x":[0.167],"y":[0.167]},"n":["0p833_0p833_0p167_0p167"],"t":53,"s":[100],"e":[0]},{"t":72}],"ix":11},"r":{"a":0,"k":-21,"ix":10},"p":{"a":1,"k":[{"i":{"x":0.833,"y":0.833},"o":{"x":0.167,"y":0.167},"n":"0p833_0p833_0p167_0p167","t":-65,"s":[137.5,60.5,0],"e":[181.5,251.5,0],"to":[7.33333349227905,31.8333339691162,0],"ti":[-7.33333349227905,-31.8333339691162,0]},{"t":72}],"ix":2},"a":{"a":0,"k":[200,289,0],"ix":1},"s":{"a":0,"k":[89,89,100],"ix":6}},"ao":0,"ip":0,"op":72,"st":-65,"bm":0},{"ddd":0,"ind":5,"ty":4,"nm":"形状图层 1","td":1,"sr":1,"ks":{"o":{"a":0,"k":100,"ix":11},"r":{"a":0,"k":0,"ix":10},"p":{"a":0,"k":[157,157,0],"ix":2},"a":{"a":0,"k":[-1,-1,0],"ix":1},"s":{"a":0,"k":[100,100,100],"ix":6}},"ao":0,"shapes":[{"ty":"gr","it":[{"d":1,"ty":"el","s":{"a":0,"k":[315,315],"ix":2},"p":{"a":0,"k":[0,0],"ix":3},"nm":"椭圆路径 1","mn":"ADBE Vector Shape - Ellipse","hd":false},{"ty":"fl","c":{"a":0,"k":[0.825860954733,0.756862984452,1,1],"ix":4},"o":{"a":0,"k":100,"ix":5},"r":1,"nm":"填充 1","mn":"ADBE Vector Graphic - Fill","hd":false},{"ty":"tr","p":{"a":0,"k":[-1,-1],"ix":2},"a":{"a":0,"k":[0,0],"ix":1},"s":{"a":0,"k":[100,100],"ix":3},"r":{"a":0,"k":0,"ix":6},"o":{"a":0,"k":100,"ix":7},"sk":{"a":0,"k":0,"ix":4},"sa":{"a":0,"k":0,"ix":5},"nm":"变换"}],"nm":"椭圆 1","np":3,"cix":2,"ix":1,"mn":"ADBE Vector Group","hd":false}],"ip":55,"op":120,"st":55,"bm":0},{"ddd":0,"ind":6,"ty":2,"nm":"雪花-拷贝-4.png","cl":"png","tt":1,"refId":"image_0","sr":1,"ks":{"o":{"a":1,"k":[{"i":{"x":[0.833],"y":[0.833]},"o":{"x":[0.167],"y":[0.167]},"n":["0p833_0p833_0p167_0p167"],"t":55,"s":[0],"e":[100]},{"i":{"x":[0.833],"y":[0.833]},"o":{"x":[0.167],"y":[0.167]},"n":["0p833_0p833_0p167_0p167"],"t":87,"s":[100],"e":[100]},{"i":{"x":[0.833],"y":[0.833]},"o":{"x":[0.167],"y":[0.167]},"n":["0p833_0p833_0p167_0p167"],"t":172,"s":[100],"e":[0]},{"t":192}],"ix":11},"r":{"a":0,"k":-21,"ix":10},"p":{"a":1,"k":[{"i":{"x":0.833,"y":0.833},"o":{"x":0.167,"y":0.167},"n":"0p833_0p833_0p167_0p167","t":55,"s":[137.5,60.5,0],"e":[181.5,251.5,0],"to":[7.33333349227905,31.8333339691162,0],"ti":[-7.33333349227905,-31.8333339691162,0]},{"t":192}],"ix":2},"a":{"a":0,"k":[200,289,0],"ix":1},"s":{"a":0,"k":[89,89,100],"ix":6}},"ao":0,"ip":55,"op":120,"st":55,"bm":0},{"ddd":0,"ind":7,"ty":2,"nm":"雪花.png","cl":"png","refId":"image_1","sr":1,"ks":{"o":{"a":0,"k":100,"ix":11},"r":{"a":1,"k":[{"i":{"x":[0.833],"y":[0.833]},"o":{"x":[0.167],"y":[0.167]},"n":["0p833_0p833_0p167_0p167"],"t":0,"s":[0],"e":[360]},{"t":120}],"ix":10},"p":{"a":0,"k":[157.5,159.5,0],"ix":2},"a":{"a":0,"k":[157.5,160,0],"ix":1},"s":{"a":0,"k":[98,98,100],"ix":6}},"ao":0,"ip":0,"op":127,"st":0,"bm":0}],"markers":[]}